id,name,designation
1,Mark,dev
2,Harry,des
3,George,test
4,Porter,dev
5,Laura,des
6,Adrienne,dev
7,Paloma,dev
8,Cassandra,des
9,Kylie,dev
10,Lareina,test
11,Kareem,dev
12,Tanya,dev
13,Grady,dev
14,Donovan,dev
15,Lareina,dev
16,Kevin,dev
17,Price,dev
18,Janna,des
19,Malachi,dev
20,Dieter,test
21,Nero,des
22,Valentine,des
23,Courtney,dev
24,Patricia,test
25,Hanna,des
26,Catherine,des
27,Marcia,des
28,Rhona,dev
29,Jamal,dev
30,Deanna,dev
31,Sarah,des
32,Ralph,dev
33,Macey,dev
34,Driscoll,dev
35,Kelsie,dev
36,Brian,dev
37,Illana,dev
38,Martena,dev
39,Catherine,dev
40,Quinlan,dev
41,Mona,dev
42,Wing,des
43,Larissa,test
44,Elijah,dev
45,Tucker,test
46,Josephine,dev
47,Graiden,test
48,Cameran,dev
49,Quyn,des
50,Ciaran,test
51,Jermaine,dev
52,Rooney,test
53,Rowan,dev
54,Dawn,des
55,Shafira,dev
56,Mohammad,des
57,Angelica,dev
58,Kerry,dev
59,Shana,dev
60,Demetria,des
61,Mikayla,dev
62,Tobias,dev
63,Kelsey,des
64,Ava,dev
65,Aiko,dev
66,Harding,dev
67,Iona,test
68,Heidi,dev
69,Gavin,dev
70,Kane,des
71,Amity,test
72,Nathaniel,dev
73,Cameran,des
74,George,test
75,Hanae,dev
76,Karleigh,dev
77,Sybill,des
78,Gareth,dev
79,Felicia,test
80,Whitney,dev
81,Amena,dev
82,Anne,des
83,Lenore,des
84,Rae,dev
85,Hamilton,test
86,Alexandra,des
87,Paul,dev
88,Jack,test
89,Daquan,test
90,Felicia,dev
91,Christine,des
92,Clarke,des
93,Ramona,test
94,Echo,test
95,Brenden,dev
96,Desiree,dev
97,Cruz,dev
98,Uma,des
99,Mia,test
100,Libby,des
101,Daniel,dev
102,Duncan,test
103,Noelle,dev
104,Oleg,des
105,Laith,dev
106,Holmes,dev
107,Shelly,dev
108,Laura,dev
109,Hilary,test
110,Althea,test
111,Raya,test
112,David,test
113,Dillon,des
114,Austin,dev
115,Cailin,dev
116,Chelsea,dev
117,Jade,dev
118,Stephanie,dev
119,Samson,des
120,Wade,dev
121,Halla,dev
122,Germaine,des
123,Cathleen,dev
124,Gavin,dev
125,Lee,dev
126,Samantha,des
127,Latifah,test
128,Isabelle,dev
129,Idona,dev
130,Sydney,des
131,Brielle,test
132,Mohammad,dev
133,Asher,dev
134,Fay,des
135,Jarrod,des
136,Erasmus,des
137,Kennedy,des
138,Phoebe,test
139,Cassandra,test
140,Nathan,dev
141,Britanni,dev
142,Colin,test
143,Ima,test
144,Porter,des
145,Ifeoma,des
146,Hamilton,dev
147,Charissa,des
148,Pearl,des
149,Lev,des
150,Igor,dev
151,Morgan,dev
152,Simon,dev
153,Cameron,dev
154,Blaze,des
155,Fitzgerald,test
156,Fay,dev
157,Uma,dev
158,Graham,des
159,Carson,des
160,Nathaniel,dev
161,Georgia,test
162,Hermione,dev
163,Shaine,dev
164,Quinn,dev
165,Caryn,dev
166,Charissa,dev
167,Denise,test
168,Amery,test
169,Cecilia,dev
170,Kelsie,dev
171,Karina,dev
172,Tanisha,dev
173,Wing,dev
174,Paula,dev
175,Kevin,dev
176,Deirdre,test
177,Whitney,des
178,TaShya,dev
179,Baxter,dev
180,Walter,des
181,Cody,dev
182,Martina,des
183,Deacon,des
184,Hamilton,dev
185,Rosalyn,test
186,Simone,dev
187,Rigel,dev
188,Hector,dev
189,Ruth,dev
190,Michael,dev
191,Jane,dev
192,Montana,dev
193,Ian,dev
194,Gemma,des
195,Stuart,test
196,Stacey,dev
197,Jamal,dev
198,Graiden,des
199,Griffith,dev
200,Emma,des
201,Melvin,dev
202,Winter,dev
203,Wynter,dev
204,Yasir,dev
205,William,dev
206,Inga,dev
207,Bradley,dev
208,Ciara,dev
209,Bradley,des
210,Kermit,dev
211,Alexandra,test
212,Mechelle,dev
213,Alisa,dev
214,Carter,test
215,Jolene,dev
216,Vivien,test
217,Cadman,dev
218,Barclay,des
219,Darryl,des
220,Colin,test
221,Lareina,des
222,Jena,dev
223,Ulysses,dev
224,Teegan,dev
225,Emmanuel,dev
226,Wynne,dev
227,Stacy,dev
228,Leo,des
229,Yen,dev
230,Stella,dev
231,Wallace,des
232,Scott,dev
233,Kennedy,test
234,Chaim,dev
235,Lamar,dev
236,Addison,des
237,Addison,dev
238,Omar,test
239,Irma,dev
240,David,dev
241,Rhoda,des
242,Kuame,dev
243,Marcia,des
244,Lester,dev
245,Keane,test
246,Gavin,dev
247,Zephr,dev
248,Patricia,des
249,Tanek,test
250,Caesar,dev
251,Ginger,test
252,Cruz,des
253,Anika,dev
254,Jaquelyn,dev
255,Kai,test
256,Libby,des
257,Alma,des
258,Justine,des
259,Hakeem,test
260,Blake,dev
261,Helen,test
262,Amethyst,test
263,Ignatius,dev
264,Stewart,dev
265,Micah,test
266,Medge,dev
267,Tashya,dev
268,Perry,des
269,Len,dev
270,Lunea,dev
271,Dalton,des
272,Herrod,test
273,Cailin,dev
274,Remedios,dev
275,Jamal,des
276,Lael,dev
277,Sandra,dev
278,Quinn,test
279,Naomi,test
280,Jasper,test
281,Zephania,dev
282,Autumn,des
283,Gavin,dev
284,Jaquelyn,dev
285,Axel,dev
286,Kyla,dev
287,Xanthus,test
288,George,des
289,Lacy,des
290,Conan,dev
291,Jamalia,dev
292,Glenna,des
293,Colette,test
294,Deanna,dev
295,Holmes,dev
296,Iliana,dev
297,Reece,des
298,Kelsey,test
299,Brynne,des
300,Xavier,dev
301,Illiana,des
302,Aiko,des
303,Colt,test
304,Neil,des
305,Daryl,des
306,Dean,des
307,Nissim,test
308,Murphy,dev
309,Velma,des
310,Irma,des
311,Camille,test
312,Sylvia,dev
313,Brenden,dev
314,Laith,des
315,Damian,test
316,Salvador,test
317,Stuart,test
318,Rowan,des
319,Brody,dev
320,Yuli,dev
321,Hilel,dev
322,Montana,dev
323,Ariel,dev
324,Shad,test
325,Cecilia,des
326,Thomas,des
327,Clark,des
328,Clare,test
329,Emmanuel,des
330,Deanna,dev
331,Arthur,des
332,Jin,dev
333,Cailin,test
334,Hamish,test
335,Sade,test
336,Avram,dev
337,John,des
338,Courtney,test
339,Lee,des
340,Jack,dev
341,Connor,dev
342,Dean,dev
343,Orson,dev
344,Madeline,dev
345,Shay,des
346,Kennan,test
347,Jacqueline,test
348,Elliott,des
349,Emily,des
350,Ishmael,test
351,Stone,dev
352,Bruce,test
353,Vera,des
354,Castor,test
355,Holmes,dev
356,Cruz,des
357,Wing,test
358,Dai,des
359,Russell,des
360,Branden,dev
361,Dorian,des
362,Tara,des
363,Thomas,dev
364,Gil,test
365,Burke,dev
366,Calista,test
367,Alan,test
368,Simon,dev
369,Vanna,dev
370,Todd,dev
371,Salvador,test
372,Micah,des
373,Deacon,des
374,Mariam,test
375,Berk,test
376,Alice,des
377,Zephania,dev
378,Armand,des
379,Wang,des
380,Anjolie,dev
381,Ralph,test
382,Merritt,test
383,Channing,test
384,Gil,dev
385,Zephania,test
386,Sara,des
387,Kelly,dev
388,Kirby,dev
389,Thane,dev
390,Declan,test
391,Declan,test
392,Jacqueline,des
393,Nathan,test
394,Gabriel,dev
395,Kalia,dev
396,Cameron,dev
397,Rigel,dev
398,Kareem,test
399,Aretha,dev
400,Richard,dev
401,Shay,test
402,Calvin,dev
403,Edan,dev
404,Ariel,test
405,Erasmus,dev
406,Hop,des
407,Price,dev
408,Aurelia,des
409,Libby,test
410,Noelani,test
411,Molly,dev
412,Michael,dev
413,MacKensie,test
414,Lucy,des
415,Azalia,dev
416,Luke,dev
417,Sarah,dev
418,Lenore,test
419,Quin,test
420,Rylee,test
421,Alexander,test
422,Ella,des
423,Scarlett,dev
424,Tamekah,dev
425,Gareth,dev
426,Buffy,des
427,Abel,dev
428,Anika,test
429,Kameko,dev
430,Zachary,des
431,Joel,des
432,Rae,des
433,Linus,tests
434,Tate,dev
435,Amir,dev
436,Jocelyn,test
437,Alyssa,des
438,Kaye,des
439,Tyler,test
440,Hayley,dev
441,Riley,test
442,Chaim,des
443,Constance,dev
444,Sage,des
445,Eric,des
446,Isaiah,dev
447,Ferdinand,dev
448,Maris,des
449,Isabella,test
450,Axel,test
451,Mufutau,dev
452,Alec,test
453,Naida,test
454,Jennifer,dev
455,Macaulay,dev
456,Zachery,dev
457,Sasha,test
458,Stephen,dev
459,Beck,test
460,Hadley,test
461,Minerva,des
462,Aristotle,test
463,Elaine,dev
464,Walker,des
465,Rashad,des
466,Andrew,test
467,Brock,des
468,Rachel,test
469,Zachary,test
470,Bruno,dev
471,Brenna,dev
472,Oscar,test
473,Elijah,test
474,Heidi,dev
475,Asher,test
476,Dustin,test
477,Harlan,dev
478,Hammett,des
479,Cherokee,test
480,Kiona,des
481,Jennifer,test
482,Aquila,des
483,Sage,dev
484,Talon,dev
485,Maggy,dev
486,Warren,des
487,Rachel,des
488,Flavia,des
489,Sydney,dev
490,Adara,dev
491,Arsenio,dev
492,Daniel,dev
493,Ezra,des
494,Beck,dev
495,Thane,des
496,Kitra,des
497,Dacey,dev
498,Fitzgerald,test
499,Minerva,des
500,Demetrius,dev
501,Sebastian,des
502,Russell,des
503,Devin,test
504,Axel,dev
505,Orli,dev
506,Harrison,dev
507,Amanda,dev
508,Dalton,dev
509,Lucian,test
510,Kyla,dev
511,Frances,dev
512,Samuel,des
513,Kaitlin,dev
514,Hedwig,des
515,Velma,test
516,Asher,dev
517,Pandora,des
518,Daniel,des
519,Rudyard,dev
520,Maxine,dev
521,Astra,dev
522,Urielle,dev
523,Julie,test
524,Gavin,dev
525,Cairo,des
526,Thane,des
527,Lillian,des
528,Lars,des
529,Iona,dev
530,Amber,dev
531,Aristotle,dev
532,Norman,dev
533,Baxter,test
534,Xander,dev
535,Mercedes,dev
536,Adrian,dev
537,Shannon,dev
538,Griffin,test
539,Mufutau,test
540,Reese,dev
541,Norman,dev
542,Marny,test
543,Hedley,dev
544,Alisa,test
545,Micah,dev
546,Nola,dev
547,Brittany,dev
548,Melinda,dev
549,Ralph,des
550,Cameran,test
551,Mariko,test
552,Nolan,test
553,Preston,des
554,Bertha,dev
555,Rudyard,test
556,Gay,test
557,Abraham,dev
558,Caesar,test
559,Rhea,dev
560,Nerea,des
561,Zoe,dev
562,Alvin,dev
563,Megan,test
564,Sheila,dev
565,Brock,test
566,Jena,dev
567,Karly,dev
568,Conan,des
569,Piper,des
570,Clio,dev
571,Ethan,dev
572,Rashad,dev
573,Ruby,dev
574,Lee,test
575,Colette,dev
576,Theodore,dev
577,Michelle,dev
578,Eagan,dev
579,Jarrod,des
580,Tatyana,dev
581,Zane,dev
582,Karly,dev
583,Latifah,dev
584,Julian,dev
585,Madaline,dev
586,Norman,dev
587,Rina,dev
588,Elijah,dev
589,Lucy,dev
590,Bruce,des
591,Emmanuel,test
592,Regina,dev
593,Jessamine,dev
594,Courtney,dev
595,Mary,des
596,Demetrius,test
597,Charissa,dev
598,Blake,dev
599,Clarke,test
600,Lillian,dev
601,Vance,des
602,Tasha,dev
603,Cameran,des
604,Burton,des
605,Orlando,des
606,Wynne,dev
607,Abra,dev
608,Pandora,dev
609,Jessamine,dev
610,Victor,test
611,Jerry,test
612,Shaeleigh,des
613,Alika,dev
614,Cassady,des
615,Amy,dev
616,Fritz,dev
617,Quentin,dev
618,Uriel,test
619,Shannon,test
620,Raya,test
621,Jerome,dev
622,Neil,test
623,Kelsey,dev
624,Rylee,dev
625,Eagan,dev
626,Bradley,dev
627,Gage,test
628,Oprah,test
629,Lareina,test
630,Colt,test
631,Brooke,dev
632,Kiayada,dev
633,Flavia,dev
634,Jenna,des
635,Sylvia,dev
636,Olympia,test
637,Alea,test
638,Martin,dev
639,Oleg,dev
640,Rahim,test
641,Oleg,test
642,Cameron,dev
643,Melvin,test
644,Bethany,des
645,Leroy,dev
646,Kane,des
647,Garrett,dev
648,Raya,test
649,Scarlet,dev
650,Basil,des
651,Malcolm,test
652,Kaye,test
653,Dexter,des
654,Rooney,test
655,Tatiana,des
656,Kelly,dev
657,Jerome,dev
658,Emerald,dev
659,Nichole,test
660,Nola,dev
661,Gillian,dev
662,Moses,dev
663,Patrick,dev
664,Neville,dev
665,Seth,test
666,Hilda,des
667,Ann,test
668,Jacob,dev
669,Joshua,dev
670,Hope,test
671,Cassady,test
672,Ima,dev
673,Brynn,dev
674,Ali,test
675,Rinah,des
676,Jillian,dev
677,Sara,dev
678,Gemma,dev
679,Shay,dev
680,Kim,dev
681,Benjamin,test
682,Alexa,dev
683,Lance,test
684,Robin,dev
685,Raphael,test
686,Paki,dev
687,Simon,dev
688,Samantha,dev
689,Oren,dev
690,Cruz,dev
691,Giacomo,test
692,Valentine,dev
693,Tate,des
694,Winifred,test
695,Kenneth,dev
696,Nolan,dev
697,Larissa,dev
698,Beatrice,des
699,Baker,des
700,Aristotle,test
701,Tamara,des
702,Tate,test
703,Alden,dev
704,Kimberly,dev
705,Latifah,des
706,Portia,dev
707,Chase,test
708,Shana,dev
709,Kyla,dev
710,Hermione,dev
711,Deborah,test
712,Adria,test
713,Clayton,dev
714,Oleg,des
715,Cameran,dev
716,Sierra,dev
717,Fuller,dev
718,Maxwell,dev
719,Teegan,dev
720,Rose,des
721,Moana,dev
722,Shannon,dev
723,Phelan,des
724,Devin,dev
725,Tanya,dev
726,Arsenio,des
727,Elmo,des
728,Jenna,des
729,Lewis,des
730,Stuart,des
731,Ulric,dev
732,Nasim,dev
733,Gail,test
734,Sandra,test
735,Gary,des
736,Mark,dev
737,Kirsten,dev
738,Ivory,test
739,Lars,dev
740,Pearl,dev
741,Nadine,dev
742,Kylie,dev
743,Holmes,dev
744,Edan,des
745,Jerome,des
746,Hedy,des
747,Erica,test
748,Myra,dev
749,Jolene,test
750,Savannah,dev
751,Kennan,test
752,Penelope,dev
753,Quyn,dev
754,Dara,dev
755,Trevor,dev
756,Kareem,des
757,Lacota,des
758,Iola,des
759,Vaughan,test
760,Nyssa,dev
761,Griffin,des
762,Roary,dev
763,Wing,test
764,Keefe,des
765,Florence,des
766,Laurel,test
767,Sandra,dev
768,Tallulah,dev
769,Hiram,dev
770,Dylan,dev
771,Laith,des
772,Kylee,test
773,Hayfa,des
774,Aretha,dev
775,Dieter,des
776,Sydney,test
777,Carol,dev
778,Juliet,dev
779,Fulton,dev
780,Kennan,dev
781,Audrey,test
782,April,des
783,Tamekah,dev
784,Adele,test
785,Jocelyn,dev
786,Tanya,dev
787,Elton,test
788,Venus,des
789,Cyrus,des
790,Zia,des
791,Duncan,dev
792,Fleur,test
793,Marcia,des
794,Zeph,dev
795,Axel,des
796,Palmer,des
797,Tyler,dev
798,Harding,dev
799,Beverly,dev
800,Boris,dev
801,Camille,dev
802,Caleb,dev
803,Ivy,test
804,Emerson,dev
805,Colby,dev
806,Beatrice,dev
807,Kaseem,dev
808,Griffith,test
809,Zeus,dev
810,Vera,dev
811,Abraham,dev
812,Hyacinth,dev
813,Craig,test
814,Sophia,dev
815,Diana,dev
816,Paloma,test
817,Kelly,des
818,Colette,dev
819,Sean,des
820,Matthew,dev
821,Tucker,test
822,Yoshi,test
823,Rafael,dev
824,Brenden,dev
825,Kyle,dev
826,Macaulay,test
827,Kiayada,dev
828,Martha,test
829,Dexter,des
830,Zenia,dev
831,Leila,dev
832,Quinn,test
833,Dante,test
834,Ignatius,dev
835,Anjolie,dev
836,Britanni,test
837,Victor,dev
838,Joan,test
839,Jasper,dev
840,Inez,des
841,Keane,des
842,Jenette,test
843,Colby,test
844,Pamela,dev
845,Kaseem,dev
846,Eagan,des
847,Kylynn,dev
848,Coby,test
849,Kato,dev
850,Edan,des
851,Carol,dev
852,Lydia,dev
853,Raphael,des
854,Alfreda,dev
855,Marcia,dev
856,Kenneth,dev
857,Cody,des
858,Dieter,dev
859,Aiko,test
860,Madonna,dev
861,Jamalia,test
862,Irene,dev
863,Susan,dev
864,Haley,test
865,Orla,test
866,Calista,dev
867,Imani,des
868,Adrian,dev
869,Maggie,dev
870,Indira,des
871,Lavinia,test
872,Xandra,des
873,Kirsten,dev
874,Knox,dev
875,Akeem,des
876,Cameron,des
877,Oscar,dev
878,Tallulah,dev
879,Emma,dev
880,Mufutau,test
881,Demetrius,test
882,Justin,test
883,Macy,dev
884,Kenyon,des
885,Scarlet,des
886,Grant,des
887,Carissa,dev
888,Finn,des
889,Carol,dev
890,Ruth,dev
891,Hiram,dev
892,Brody,test
893,Wallace,des
894,Ian,des
895,Calvin,des
896,Farrah,des
897,Kirk,dev
898,Amelia,dev
899,Kieran,test
900,Cathleen,test
901,Brian,dev
902,Wynne,dev
903,Steel,des
904,Ali,dev
905,Katell,test
906,Addison,des
907,Deirdre,dev
908,Logan,test
909,Chiquita,test
910,Jasper,des
911,Nash,des
912,Mason,dev
913,Hollee,dev
914,Colette,dev
915,Mufutau,dev
916,Noah,des
917,Hyatt,test
918,Robin,des
919,Wing,dev
920,Nash,dev
921,Zeus,test
922,Amethyst,dev
923,Raven,dev
924,Piper,des
925,Ferris,test
926,Octavius,dev
927,Adria,dev
928,Deacon,des
929,Idola,dev
930,Walter,dev
931,Mannix,des
932,Oren,dev
933,Asher,des
934,Samuel,des
935,Joseph,dev
936,Noelle,dev
937,Thaddeus,des
938,Haley,test
939,Tasha,dev
940,Jane,dev
941,Shelby,dev
942,Mary,test
943,Dorothy,dev
944,Rhona,dev
945,Rose,des
946,Ifeoma,des
947,Charlotte,dev
948,Rashad,dev
949,Lareina,dev
950,Kameko,dev
951,Leila,dev
952,Keely,dev
953,Pamela,dev
954,Kessie,test
955,Nicholas,dev
956,Mufutau,dev
957,Henry,test
958,Arsenio,des
959,Patricia,dev
960,Caryn,test
961,Ainsley,dev
962,Jacqueline,dev
963,Rogan,dev
964,Mason,des
965,Shana,dev
966,Bertha,test
967,Graham,test
968,Shea,dev
969,Jennifer,dev
970,Vladimir,dev
971,Dean,dev
972,Hamilton,dev
973,Talon,dev
974,Quintessa,dev
975,Hoyt,test
976,Donna,des
977,Porter,dev
978,Lee,test
979,Latifah,des
980,Chloe,des
981,Porter,dev
982,Lacy,des
983,Amal,dev
984,Arthur,dev
985,Lars,des
986,Evangeline,test
987,Jermaine,des
988,Brianna,test
989,Sophia,des
990,Karyn,dev
991,Charissa,test
992,Orlando,test
993,Ramona,dev
994,Madeson,dev
995,Chandler,test
996,Kathleen,test
997,Hayley,dev
998,Jessamine,dev
999,Halla,dev
1000,Abraham,dev
1001,Sylvia,des
1002,Nathan,test
1003,Howard,test